-- ShopAI Seed Data
-- Run this after migrations.sql in Supabase SQL Editor

-- Insert Admin User (password: XOtgMoqMcbEVUY4J)
-- Note: In production, use bcrypt hash. This is a placeholder.
INSERT INTO public.users (id, email, name, password_hash, role) VALUES
  ('00000000-0000-0000-0000-000000000001', 'admin@shopai.com', 'Admin User', '$2a$10$YourBcryptHashHere', 'admin');

-- Insert Categories
INSERT INTO public.categories (id, name, slug, description, image) VALUES
  ('10000000-0000-0000-0000-000000000001', 'Electronics', 'electronics', 'Gadgets, devices, and tech accessories', 'https://images.unsplash.com/photo-1498049794561-7780e7231661?w=400'),
  ('10000000-0000-0000-0000-000000000002', 'Fashion', 'fashion', 'Clothing, shoes, and accessories', 'https://images.unsplash.com/photo-1445205170230-053b83016050?w=400'),
  ('10000000-0000-0000-0000-000000000003', 'Home & Living', 'home-living', 'Furniture, decor, and home essentials', 'https://images.unsplash.com/photo-1586023492125-27b2c045efd7?w=400'),
  ('10000000-0000-0000-0000-000000000004', 'Sports & Outdoors', 'sports-outdoors', 'Sports equipment and outdoor gear', 'https://images.unsplash.com/photo-1461896836934-voices-f2b1c6?w=400'),
  ('10000000-0000-0000-0000-000000000005', 'Beauty & Health', 'beauty-health', 'Skincare, makeup, and wellness products', 'https://images.unsplash.com/photo-1596462502278-27bfdc403348?w=400'),
  ('10000000-0000-0000-0000-000000000006', 'Books & Media', 'books-media', 'Books, music, and entertainment', 'https://images.unsplash.com/photo-1507842217343-583bb7270b66?w=400'),
  ('10000000-0000-0000-0000-000000000007', 'Pet Supplies', 'pet-supplies', 'Pet food, toys, and accessories', 'https://images.unsplash.com/photo-1587300003388-59208cc962cb?w=400'),
  ('10000000-0000-0000-0000-000000000008', 'Grocery', 'grocery', 'Fresh food and groceries', 'https://images.unsplash.com/photo-1542838132-92c53300491e?w=400'),
  ('10000000-0000-0000-0000-000000000009', 'Automotive', 'automotive', 'Car accessories and automotive parts', 'https://images.unsplash.com/photo-1492144534655-ae79c964c9d7?w=400'),
  ('10000000-0000-0000-0000-000000000010', 'Toys & Games', 'toys-games', 'Toys, games, and hobbies', 'https://images.unsplash.com/photo-1558060370-d644479cb6f7?w=400');

-- Insert Products (Electronics)
INSERT INTO public.products (id, name, slug, description, price, compare_price, stock, sku, category_id, images, tags, rating, review_count, is_featured) VALUES
  ('20000000-0000-0000-0000-000000000001', 'Wireless Bluetooth Headphones', 'wireless-bluetooth-headphones', 'Premium wireless headphones with active noise cancellation, 30-hour battery life, and crystal-clear audio.', 149.99, 199.99, 50, 'ELEC-001', '10000000-0000-0000-0000-000000000001', '["https://images.unsplash.com/photo-1505740420928-5e560c06d30e?w=600","https://images.unsplash.com/photo-1484704849700-f032a568e944?w=600"]', '["wireless","headphones","bluetooth","audio"]', 4.5, 120, true),
  ('20000000-0000-0000-0000-000000000002', 'Smart Watch Pro', 'smart-watch-pro', 'Advanced smartwatch with health monitoring, GPS, and 7-day battery life. Water resistant to 50m.', 299.99, 349.99, 30, 'ELEC-002', '10000000-0000-0000-0000-000000000001', '["https://images.unsplash.com/photo-1523275335684-37898b6baf30?w=600","https://images.unsplash.com/photo-1579586337278-3befd40fd17a?w=600"]', '["smartwatch","fitness","health","wearable"]', 4.7, 85, true),
  ('20000000-0000-0000-0000-000000000003', '4K Action Camera', '4k-action-camera', 'Ultra HD action camera with 60fps recording, waterproof case included. Perfect for adventures.', 249.99, 299.99, 40, 'ELEC-003', '10000000-0000-0000-0000-000000000001', '["https://images.unsplash.com/photo-1526170375885-4d8ecf77b99f?w=600","https://images.unsplash.com/photo-1502920917128-1aa500764cbd?w=600"]', '["camera","4k","action","waterproof"]', 4.3, 67, false),
  ('20000000-0000-0000-0000-000000000004', 'Wireless Earbuds Pro', 'wireless-earbuds-pro', 'True wireless earbuds with ANC, transparency mode, and premium sound quality. 24h total battery.', 179.99, 229.99, 100, 'ELEC-004', '10000000-0000-0000-0000-000000000001', '["https://images.unsplash.com/photo-1590658268037-6bf12165a8df?w=600","https://images.unsplash.com/photo-1606220588913-b3aacb4d2f46?w=600"]', '["earbuds","wireless","anc","audio"]', 4.6, 203, true),
  ('20000000-0000-0000-0000-000000000005', 'Portable Power Bank 20000mAh', 'portable-power-bank-20000mah', 'High capacity power bank with fast charging. Charge 3 devices simultaneously.', 49.99, 69.99, 200, 'ELEC-005', '10000000-0000-0000-0000-000000000001', '["https://images.unsplash.com/photo-1609091839311-d5365f9ff1c5?w=600"]', '["power-bank","portable","fast-charge","accessory"]', 4.4, 156, false);

-- Insert Products (Fashion)
INSERT INTO public.products (id, name, slug, description, price, compare_price, stock, sku, category_id, images, tags, rating, review_count, is_featured) VALUES
  ('20000000-0000-0000-0000-000000000006', 'Classic Leather Jacket', 'classic-leather-jacket', 'Premium genuine leather jacket with quilted lining. Timeless style for any occasion.', 299.99, 399.99, 25, 'FASH-001', '10000000-0000-0000-0000-000000000002', '["https://images.unsplash.com/photo-1551028719-00167b16eac5?w=600","https://images.unsplash.com/photo-1520975954732-35dd22299614?w=600"]', '["leather","jacket","outerwear","premium"]', 4.8, 89, true),
  ('20000000-0000-0000-0000-000000000007', 'Running Shoes Ultra', 'running-shoes-ultra', 'Lightweight running shoes with responsive cushioning. Perfect for marathon training.', 129.99, 159.99, 75, 'FASH-002', '10000000-0000-0000-0000-000000000002', '["https://images.unsplash.com/photo-1542291026-7eec264c27ff?w=600","https://images.unsplash.com/photo-1460353581641-37baddab0fa2?w=600"]', '["running","shoes","sports","athletic"]', 4.6, 234, true),
  ('20000000-0000-0000-0000-000000000008', 'Designer Sunglasses', 'designer-sunglasses', 'UV400 protection with polarized lenses. Includes premium case and cleaning cloth.', 159.99, 199.99, 60, 'FASH-003', '10000000-0000-0000-0000-000000000002', '["https://images.unsplash.com/photo-1572635196237-14b3f281503f?w=600","https://images.unsplash.com/photo-1511499767150-a48a237f0083?w=600"]', '["sunglasses","designer","uv400","accessory"]', 4.4, 78, false),
  ('20000000-0000-0000-0000-000000000009', 'Casual Cotton T-Shirt Pack', 'casual-cotton-tshirt-pack', 'Pack of 3 premium cotton t-shirts in classic colors. Soft, breathable, and durable.', 39.99, 49.99, 150, 'FASH-004', '10000000-0000-0000-0000-000000000002', '["https://images.unsplash.com/photo-1521572163474-6864f9cf17ab?w=600"]', '["tshirt","cotton","casual","pack"]', 4.3, 312, false),
  ('20000000-0000-0000-0000-000000000010', 'Slim Fit Denim Jeans', 'slim-fit-denim-jeans', 'Classic slim fit jeans with stretch comfort. Perfect fit for everyday wear.', 79.99, 99.99, 100, 'FASH-005', '10000000-0000-0000-0000-000000000002', '["https://images.unsplash.com/photo-1542272604-787c3835535d?w=600","https://images.unsplash.com/photo-1541099649105-f69ad21f3246?w=600"]', '["jeans","denim","slim-fit","casual"]', 4.5, 167, false);

-- Insert Products (Home & Living)
INSERT INTO public.products (id, name, slug, description, price, compare_price, stock, sku, category_id, images, tags, rating, review_count, is_featured) VALUES
  ('20000000-0000-0000-0000-000000000011', 'Smart LED Light Bulb Set', 'smart-led-light-bulb-set', 'Pack of 4 smart LED bulbs with 16 million colors. Voice control compatible.', 49.99, 69.99, 300, 'HOME-001', '10000000-0000-0000-0000-000000000003', '["https://images.unsplash.com/photo-1558171813-4c088753af8f?w=600"]', '["smart","led","lighting","voice-control"]', 4.5, 89, false),
  ('20000000-0000-0000-0000-000000000012', 'Memory Foam Pillow Set', 'memory-foam-pillow-set', 'Set of 2 ergonomic memory foam pillows. Hypoallergenic and machine washable.', 59.99, 79.99, 150, 'HOME-002', '10000000-0000-0000-0000-000000000003', '["https://images.unsplash.com/photo-1584100936595-c0654b55a2e2?w=600"]', '["pillow","memory-foam","bedding","comfort"]', 4.7, 145, true),
  ('20000000-0000-0000-0000-000000000013', 'Stainless Steel Cookware Set', 'stainless-steel-cookware-set', '10-piece professional cookware set with non-stick coating. Dishwasher safe.', 199.99, 279.99, 45, 'HOME-003', '10000000-0000-0000-0000-000000000003', '["https://images.unsplash.com/photo-1556909114-f6e7ad7d3136?w=600","https://images.unsplash.com/photo-1584990347449-a2d4c2c044a8?w=600"]', '["cookware","kitchen","stainless-steel","professional"]', 4.6, 78, false),
  ('20000000-0000-0000-0000-000000000014', 'Indoor Plant Set', 'indoor-plant-set', 'Set of 3 low-maintenance indoor plants in decorative pots. Air purifying.', 44.99, 59.99, 80, 'HOME-004', '10000000-0000-0000-0000-000000000003', '["https://images.unsplash.com/photo-1459411552884-841db9b3cc2a?w=600"]', '["plants","indoor","decor","air-purifying"]', 4.4, 56, false),
  ('20000000-0000-0000-0000-000000000015', 'Cozy Throw Blanket', 'cozy-throw-blanket', 'Ultra-soft microfiber throw blanket. Perfect for couch or bed. Machine washable.', 34.99, 44.99, 200, 'HOME-005', '10000000-0000-0000-0000-000000000003', '["https://images.unsplash.com/photo-1580301762395-21ce84d00bc6?w=600"]', '["blanket","throw","cozy","bedding"]', 4.8, 234, false);

-- Insert Products (Sports & Outdoors)
INSERT INTO public.products (id, name, slug, description, price, compare_price, stock, sku, category_id, images, tags, rating, review_count, is_featured) VALUES
  ('20000000-0000-0000-0000-000000000016', 'Yoga Mat Premium', 'yoga-mat-premium', 'Extra thick eco-friendly yoga mat with alignment lines. Non-slip surface.', 39.99, 54.99, 250, 'SPRT-001', '10000000-0000-0000-0000-000000000004', '["https://images.unsplash.com/photo-1601925260368-ae2f83cf8b7f?w=600","https://images.unsplash.com/photo-1544367567-0f2fcb009e0b?w=600"]', '["yoga","mat","fitness","eco-friendly"]', 4.6, 189, false),
  ('20000000-0000-0000-0000-000000000017', 'Camping Tent 4-Person', 'camping-tent-4-person', 'Waterproof 4-person tent with easy setup. Perfect for family camping trips.', 149.99, 199.99, 35, 'SPRT-002', '10000000-0000-0000-0000-000000000004', '["https://images.unsplash.com/photo-1504280390367-361c6d9f38f4?w=600","https://images.unsplash.com/photo-1478131143081-80f7f84ca84d?w=600"]', '["tent","camping","outdoor","waterproof"]', 4.5, 67, false),
  ('20000000-0000-0000-0000-000000000018', 'Adjustable Dumbbell Set', 'adjustable-dumbbell-set', 'Space-saving adjustable dumbbells from 5-52.5 lbs. Quick change weight system.', 299.99, 399.99, 20, 'SPRT-003', '10000000-0000-0000-0000-000000000004', '["https://images.unsplash.com/photo-1534438327276-14e5300c3a48?w=600","https://images.unsplash.com/photo-1571019614242-c5c5dee9f50b?w=600"]', '["dumbbell","fitness","weights","adjustable"]', 4.7, 45, true),
  ('20000000-0000-0000-0000-000000000019', 'Insulated Water Bottle', 'insulated-water-bottle', '32oz stainless steel water bottle. Keeps drinks cold 24h or hot 12h.', 34.99, 44.99, 500, 'SPRT-004', '10000000-0000-0000-0000-000000000004', '["https://images.unsplash.com/photo-1602143407151-7111542de6e8?w=600"]', '["water-bottle","insulated","stainless-steel","eco-friendly"]', 4.8, 456, true),
  ('20000000-0000-0000-0000-000000000020', 'Mountain Bike Helmet', 'mountain-bike-helmet', 'Lightweight MTB helmet with adjustable fit and ventilation. Safety certified.', 79.99, 99.99, 80, 'SPRT-005', '10000000-0000-0000-0000-000000000004', '["https://images.unsplash.com/photo-1557803175-2f8c4dcb6baa?w=600"]', '["helmet","cycling","safety","mountain-bike"]', 4.5, 89, false);

-- Insert Products (Beauty & Health)
INSERT INTO public.products (id, name, slug, description, price, compare_price, stock, sku, category_id, images, tags, rating, review_count, is_featured) VALUES
  ('20000000-0000-0000-0000-000000000021', 'Vitamin C Serum', 'vitamin-c-serum', 'Brightening vitamin C serum with hyaluronic acid. Anti-aging formula.', 29.99, 39.99, 300, 'BEAU-001', '10000000-0000-0000-0000-000000000005', '["https://images.unsplash.com/photo-1620916566398-39f1143ab7be?w=600"]', '["skincare","serum","vitamin-c","anti-aging"]', 4.6, 267, false),
  ('20000000-0000-0000-0000-000000000022', 'Electric Toothbrush Pro', 'electric-toothbrush-pro', 'Sonic electric toothbrush with 5 cleaning modes. Includes 4 brush heads.', 89.99, 119.99, 150, 'BEAU-002', '10000000-0000-0000-0000-000000000005', '["https://images.unsplash.com/photo-1559467010-c8c3f8b5ad6a?w=600"]', '["toothbrush","electric","dental","sonic"]', 4.7, 178, true),
  ('20000000-0000-0000-0000-000000000023', 'Organic Face Moisturizer', 'organic-face-moisturizer', 'Lightweight daily moisturizer with SPF 30. Organic ingredients, all skin types.', 34.99, 44.99, 200, 'BEAU-003', '10000000-0000-0000-0000-000000000005', '["https://images.unsplash.com/photo-1556228578-0d85b1a4d571?w=600"]', '["moisturizer","organic","skincare","spf"]', 4.5, 134, false),
  ('20000000-0000-0000-0000-000000000024', 'Essential Oils Set', 'essential-oils-set', 'Set of 6 therapeutic grade essential oils. Lavender, peppermint, eucalyptus and more.', 24.99, 34.99, 180, 'BEAU-004', '10000000-0000-0000-0000-000000000005', '["https://images.unsplash.com/photo-1608571423902-eed4a5ad8108?w=600"]', '["essential-oils","aromatherapy","natural","wellness"]', 4.4, 98, false),
  ('20000000-0000-0000-0000-000000000025', 'Jade Roller Set', 'jade-roller-set', 'Natural jade facial roller and gua sha set. Promotes circulation and lymphatic drainage.', 19.99, 29.99, 400, 'BEAU-005', '10000000-0000-0000-0000-000000000005', '["https://images.unsplash.com/photo-1590439471364-192aa70c0b53?w=600"]', '["jade-roller","skincare","gua-sha","beauty"]', 4.3, 234, false);

-- Insert Products (Books & Media)
INSERT INTO public.products (id, name, slug, description, price, compare_price, stock, sku, category_id, images, tags, rating, review_count, is_featured) VALUES
  ('20000000-0000-0000-0000-000000000026', 'Bestseller Book Collection', 'bestseller-book-collection', 'Set of 5 current bestselling fiction novels. Hardcover editions.', 59.99, 79.99, 100, 'BOOK-001', '10000000-0000-0000-0000-000000000006', '["https://images.unsplash.com/photo-1512820790803-83ca734da794?w=600"]', '["books","bestseller","fiction","hardcover"]', 4.6, 67, false),
  ('20000000-0000-0000-0000-000000000027', 'Wireless Bluetooth Speaker', 'wireless-bluetooth-speaker', 'Portable speaker with 360° sound and 12-hour battery. Waterproof design.', 79.99, 99.99, 180, 'BOOK-002', '10000000-0000-0000-0000-000000000006', '["https://images.unsplash.com/photo-1608043152269-423dbba4e7e1?w=600"]', '["speaker","bluetooth","portable","waterproof"]', 4.5, 189, false),
  ('20000000-0000-0000-0000-000000000028', 'Vinyl Record Player', 'vinyl-record-player', 'Retro style vinyl turntable with built-in speakers. Bluetooth output included.', 149.99, 189.99, 50, 'BOOK-003', '10000000-0000-0000-0000-000000000006', '["https://images.unsplash.com/photo-1539185441755-769473a23570?w=600","https://images.unsplash.com/photo-1558618666-fcd25c85cd64?w=600"]', '["vinyl","record-player","turntable","retro"]', 4.7, 78, true),
  ('20000000-0000-0000-0000-000000000029', 'Puzzle Set 1000 Pieces', 'puzzle-set-1000-pieces', 'Beautiful landscape puzzle with 1000 pieces. Premium quality materials.', 19.99, 24.99, 200, 'BOOK-004', '10000000-0000-0000-0000-000000000006', '["https://images.unsplash.com/photo-1494059980473-813e73ee784b?w=600"]', '["puzzle","games","family","hobby"]', 4.4, 123, false),
  ('20000000-0000-0000-0000-000000000030', 'Learning Language App Subscription', 'learning-language-app-subscription', '1-year premium subscription to learn any language. Interactive lessons.', 99.99, 149.99, 999, 'BOOK-005', '10000000-0000-0000-0000-000000000006', '["https://images.unsplash.com/photo-1434030216411-0b793f4b4173?w=600"]', '["language","learning","subscription","education"]', 4.6, 456, false);

-- Insert Coupons
INSERT INTO public.coupons (id, code, type, value, min_order, usage_limit, is_active) VALUES
  ('30000000-0000-0000-0000-000000000001', 'WELCOME10', 'percent', 10, 50, 1000, true),
  ('30000000-0000-0000-0000-000000000002', 'SAVE20', 'percent', 20, 100, 500, true),
  ('30000000-0000-0000-0000-000000000003', 'FLAT15', 'flat', 15, 75, 200, true);
